-- MySQL dump 10.13  Distrib 5.7.17, for Win64 (x86_64)
--
-- Host: 127.0.0.1    Database: customers
-- ------------------------------------------------------
-- Server version	5.7.21-log

/*!40101 SET @OLD_CHARACTER_SET_CLIENT=@@CHARACTER_SET_CLIENT */;
/*!40101 SET @OLD_CHARACTER_SET_RESULTS=@@CHARACTER_SET_RESULTS */;
/*!40101 SET @OLD_COLLATION_CONNECTION=@@COLLATION_CONNECTION */;
/*!40101 SET NAMES utf8 */;
/*!40103 SET @OLD_TIME_ZONE=@@TIME_ZONE */;
/*!40103 SET TIME_ZONE='+00:00' */;
/*!40014 SET @OLD_UNIQUE_CHECKS=@@UNIQUE_CHECKS, UNIQUE_CHECKS=0 */;
/*!40014 SET @OLD_FOREIGN_KEY_CHECKS=@@FOREIGN_KEY_CHECKS, FOREIGN_KEY_CHECKS=0 */;
/*!40101 SET @OLD_SQL_MODE=@@SQL_MODE, SQL_MODE='NO_AUTO_VALUE_ON_ZERO' */;
/*!40111 SET @OLD_SQL_NOTES=@@SQL_NOTES, SQL_NOTES=0 */;

--
-- Table structure for table `city`
--

DROP TABLE IF EXISTS `city`;
/*!40101 SET @saved_cs_client     = @@character_set_client */;
/*!40101 SET character_set_client = utf8 */;
CREATE TABLE `city` (
  `cityID` int(11) NOT NULL AUTO_INCREMENT,
  `City` varchar(255) DEFAULT NULL,
  PRIMARY KEY (`cityID`)
) ENGINE=InnoDB AUTO_INCREMENT=256 DEFAULT CHARSET=utf8;
/*!40101 SET character_set_client = @saved_cs_client */;

--
-- Dumping data for table `city`
--

LOCK TABLES `city` WRITE;
/*!40000 ALTER TABLE `city` DISABLE KEYS */;
INSERT INTO `city` VALUES (1,'Acton'),(2,'Alabaster'),(3,'Alexandria'),(4,'Amelia'),(5,'Anaheim'),(6,'Arcadia'),(7,'Arlington Heights'),(8,'Asheville'),(9,'Atlanta'),(10,'Auburn'),(11,'Austin'),(12,'Avalon'),(13,'Baltimore'),(14,'Barnes City'),(15,'Beaumont'),(16,'Bethesda'),(17,'Bethpage'),(18,'Birmingham'),(19,'Blackwell'),(20,'Blandford'),(21,'Bloomsburg'),(22,'Bluffton'),(23,'Bohemia'),(24,'Boston'),(25,'Bridgeville'),(26,'Brisbane'),(27,'Buffalo'),(28,'Burr Ridge'),(29,'California'),(30,'Cambridge'),(31,'Camden'),(32,'Canastota'),(33,'Carmi'),(34,'Centennial'),(35,'Champaign'),(36,'Chantilly'),(37,'Charbaneau'),(38,'Chester'),(39,'Chicago'),(40,'Cincinnati'),(41,'Circleville'),(42,'City Of Commerce'),(43,'Clearfield'),(44,'Cleburne'),(45,'Collingswood'),(46,'Columbus'),(47,'Concord'),(48,'Conway'),(49,'Cordova'),(50,'Dallas'),(51,'Davenport'),(52,'Daytona Beach'),(53,'Deerfield Beach'),(54,'Deming'),(55,'Denver'),(56,'Detroit'),(57,'Dothan'),(58,'East Boston'),(59,'East Greenbush'),(60,'East Lansing'),(61,'East Moline'),(62,'Eau Claire'),(63,'El Monte'),(64,'El Paso'),(65,'Eugene'),(66,'Eureka'),(67,'Evansville'),(68,'Fairbanks'),(69,'Farmingdale'),(70,'Fayetteville'),(71,'Fergus Falls'),(72,'Flagstaff'),(73,'Flint'),(74,'Fort Lauderdale'),(75,'Fort Walton Beach'),(76,'Fort Washington'),(77,'Fredericksburg'),(78,'Fremont'),(79,'Fresno'),(80,'Frisco'),(81,'Gadsden'),(82,'Gardena'),(83,'Glade Creek'),(84,'Golden'),(85,'Goshen'),(86,'Graham'),(87,'Grand Rapids'),(88,'Greensboro'),(89,'Greenup'),(90,'Grenada'),(91,'Hartford'),(92,'Hazelwood'),(93,'Helena'),(94,'Hersman'),(95,'Hicksville'),(96,'Honolulu'),(97,'Houston'),(98,'Huntsville'),(99,'Ideal'),(100,'Independence'),(101,'Indianapolis'),(102,'Irvine'),(103,'Jackman'),(104,'Jackson'),(105,'Jacksonville'),(106,'Johnson City'),(107,'Kansas City'),(108,'Kearny'),(109,'Kenner'),(110,'Kent'),(111,'Kentwood'),(112,'King Of Prussia'),(113,'Knoxville'),(114,'La Grange (Dutchess)'),(115,'Laguna Beach'),(116,'Lawrenceville'),(117,'Lehi'),(118,'Lincoln'),(119,'Linden'),(120,'Lisle'),(121,'London'),(122,'Longview'),(123,'Los Angeles'),(124,'Louisville'),(125,'Lumberton'),(126,'Lynnwood'),(127,'Madison'),(128,'Marshall'),(129,'Maumee'),(130,'Mcallen'),(131,'Mcdermitt'),(132,'Memphis'),(133,'Menomonee Falls'),(134,'Metuchen'),(135,'Miami'),(136,'Milwaukee'),(137,'Mobile'),(138,'Montgomery'),(139,'Mountain View'),(140,'Natchitoches'),(141,'Neola'),(142,'Nevada'),(143,'New Albany'),(144,'New Orleans'),(145,'New York'),(146,'Newark'),(147,'Northridge'),(148,'Norwalk'),(149,'Oakland'),(150,'Oklahoma City'),(151,'Olney'),(152,'Ontario'),(153,'Paducah'),(154,'Panama City'),(155,'Patterson'),(156,'Pell City'),(157,'Penasco'),(158,'Peoria'),(159,'Philadelphia'),(160,'Phoenix'),(161,'Piscataway'),(162,'Pittsburgh'),(163,'Plantation'),(164,'Pleasanton'),(165,'Port St Joe'),(166,'Portage Des Sioux'),(167,'Portland'),(168,'Prairie Hill'),(169,'Providence'),(170,'Raleigh'),(171,'Ratcliff'),(172,'Richmond'),(173,'Rochelle Park'),(174,'Rogers'),(175,'Ruidoso'),(176,'Rutland'),(177,'Saint Cloud'),(178,'Saint Louis'),(179,'Salisbury'),(180,'San Antonio'),(181,'San Diego'),(182,'San Francisco'),(183,'Santa Rosa'),(184,'Savannah'),(185,'Seattle'),(186,'Secaucus'),(187,'Seminole'),(188,'Seymour'),(189,'Sioux City'),(190,'Smithville'),(191,'Sorento'),(192,'South Burlington'),(193,'Southfield'),(194,'St Louis'),(195,'Stamford'),(196,'Stockton'),(197,'Stone Mountain'),(198,'Sumter'),(199,'Sunrise'),(200,'Swansboro'),(201,'Sylmar'),(202,'Syracuse'),(203,'Tacoma'),(204,'Tijeras'),(205,'Toledo'),(206,'Triadelphia'),(207,'Trumbull'),(208,'Tucker'),(209,'Urbandale'),(210,'Utica'),(211,'Vineland'),(212,'Virginia Beach'),(213,'Wallingford'),(214,'Waltham'),(215,'Wampee'),(216,'Warrensville Heights'),(217,'Washburn'),(218,'Washington'),(219,'Waynesburg'),(220,'Wenatchee'),(221,'West Chicago'),(222,'West Palm Beach'),(223,'Wheeling'),(224,'White Plains'),(225,'White Springs'),(226,'Willard'),(227,'Winder'),(228,'Worcester');
/*!40000 ALTER TABLE `city` ENABLE KEYS */;
UNLOCK TABLES;

--
-- Table structure for table `company`
--

DROP TABLE IF EXISTS `company`;
/*!40101 SET @saved_cs_client     = @@character_set_client */;
/*!40101 SET character_set_client = utf8 */;
CREATE TABLE `company` (
  `companyID` int(11) NOT NULL AUTO_INCREMENT,
  `Company` varchar(255) DEFAULT NULL,
  PRIMARY KEY (`companyID`)
) ENGINE=InnoDB AUTO_INCREMENT=512 DEFAULT CHARSET=utf8;
/*!40101 SET character_set_client = @saved_cs_client */;

--
-- Dumping data for table `company`
--

LOCK TABLES `company` WRITE;
/*!40000 ALTER TABLE `company` DISABLE KEYS */;
INSERT INTO `company` VALUES (1,'A. L. Price'),(2,'ABC Markets'),(3,'ABCO Foods'),(4,'Access Asia'),(5,'Accord Investments'),(6,'Afforda'),(7,'Afforda Merchant Services'),(8,'Afterthoughts'),(9,'Albers Super Markets'),(10,'All Wound Up'),(11,'Asian Answers'),(12,'Atlas Realty'),(13,'Beefsteak Charlie\'s'),(14,'Belle Ladi'),(15,'Belle Lady'),(16,'Best Products'),(17,'Bettendorf\'s'),(18,'Better Business Ideas and Services'),(19,'Big Daddy\'s Restaurants'),(20,'Bold Ideas'),(21,'Brand Names'),(22,'Bresler\'s Ice Cream'),(23,'Britches of Georgetown'),(24,'Brooks Fashions'),(25,'Buehler Foods'),(26,'Buena Vista Garden Maintenance'),(27,'Cala Foods'),(28,'Cardinal Stores'),(29,'Casa Bonita'),(30,'Casual Corner'),(31,'Cellophane Square'),(32,'Chandler\'s'),(33,'Channel Home Centers'),(34,'Cherry & Webb'),(35,'Chi-Chi\'s'),(36,'Chief Auto Parts'),(37,'Circuit City'),(38,'Circuit Design'),(39,'Clemens Markets'),(40,'Coast to Coast Hardware'),(41,'Coconut\'s'),(42,'Compact Disc Center'),(43,'Computer City'),(44,'Consumers Food and Drug'),(45,'Coon Chicken Inn'),(46,'Crafts & More'),(47,'Crafts Canada'),(48,'Crazy Tiger'),(49,'Creative Wealth Management'),(50,'Crown Books'),(51,'Cut Above'),(52,'De Pinna'),(53,'DGS HomeSource'),(54,'Dreamscape Garden Care'),(55,'Eagle Food Centers'),(56,'Edge Yard Service'),(57,'Electric Avenue'),(58,'Elek-Tek'),(59,'Enrich Garden Services'),(60,'Exact Solutions'),(61,'EXPO Design Center'),(62,'Father & Son'),(63,'Finast'),(64,'Fireball'),(65,'Flexus'),(66,'Food Giant'),(67,'Forum Cafeterias'),(68,'Fragrant Flower Lawn Services'),(69,'Frame Scene'),(70,'Frank and Seder'),(71,'Franklin Simon'),(72,'Friendly Advice'),(73,'Full Color'),(74,'Funtown toys'),(75,'Galaxy Man'),(76,'Gallenkamp'),(77,'Gamma Gas'),(78,'Gamma Grays'),(79,'Gamma Realty'),(80,'Gantos'),(81,'Gas Zone'),(82,'Geri\'s Hamburgers'),(83,'Golden\'s Distributors'),(84,'Good Guys'),(85,'Grade A Investment'),(86,'Great Clothes'),(87,'Greenwich IGA'),(88,'Grossman\'s'),(89,'Handy City'),(90,'Harold Powell'),(91,'Harvest Foods'),(92,'Hechinger'),(93,'Hill-Behan'),(94,'Hills Supermarkets'),(95,'Hit or Miss'),(96,'Hollywood Video'),(97,'Home Centers'),(98,'Honest Air Group'),(99,'Hudson\'s MensWear'),(100,'Huyler\'s'),(101,'Independent Investors'),(102,'Independent Wealth Management'),(103,'Indiewealth'),(104,'Infinite Wealth Planners'),(105,'Integra Investment Plan'),(106,'Irving\'s Sporting Goods'),(107,'J. Brannam'),(108,'Jackpot Consultant'),(109,'Jacob Reed and Sons'),(110,'JumboSports'),(111,'KB Toys'),(112,'KG Menswear'),(113,'King Carol'),(114,'Knockout Kickboxing'),(115,'Komerci'),(116,'Konsili'),(117,'La Petite Boulangerie'),(118,'Lafayette Radio'),(119,'Landskip Yard Care'),(120,'Landskip Yard Service'),(121,'Lechmere'),(122,'Libera'),(123,'Liberty Wealth Planner'),(124,'Life Map Planners'),(125,'Life\'s Gold'),(126,'Listenin\' Booth'),(127,'Macroserve'),(128,'Madcats Music & Books'),(129,'Magik Gray'),(130,'Magik Lamp'),(131,'Magna Consulting'),(132,'Magna Gases'),(133,'Maloley\'s Finer Foods'),(134,'ManCharm'),(135,'Manning\'s Cafeterias'),(136,'Market Basket'),(137,'Martin\'s'),(138,'McDade\'s'),(139,'Megatronic'),(140,'Merry-Go-Round'),(141,'Mervyn\'s'),(142,'Micro Design'),(143,'Mode O\'Day'),(144,'Morrison\'s Cafeteria'),(145,'Mr Fables'),(146,'Mr. D\'s IGA'),(147,'Mr. Steak'),(148,'Music Plus'),(149,'Musicland'),(150,'MVP Sports'),(151,'National Auto Parts'),(152,'Nedick\'s'),(153,'Network Air'),(154,'New World'),(155,'Nickerson Farms'),(156,'Nobil'),(157,'Noodle Kidoodle'),(158,'Oklahoma Tire & Supply Company'),(159,'Ole\'s'),(160,'Olson Electronics'),(161,'Omni Superstore'),(162,'Opti-Tek'),(163,'Opticomp'),(164,'Oranges Records & Tapes'),(165,'Oshman\'s'),(166,'P. Samuels Men\'s Clothiers'),(167,'Paper Cutter'),(168,'Patterson-Fletcher'),(169,'Pay \'N Pak'),(170,'Penn Fruit'),(171,'Personal & Corporate Design'),(172,'Piccolo Mondo'),(173,'Pioneer Chicken'),(174,'Planet Pizza'),(175,'Planet Profit'),(176,'Playworld'),(177,'Pointers'),(178,'Polk Brothers'),(179,'Prestigabiz'),(180,'Price Club'),(181,'PriceRite Warehouse Club'),(182,'Pup \'N\' Taco'),(183,'Purity'),(184,'Purity Supreme'),(185,'Quality Merchant Services'),(186,'Quest Technology Service'),(187,'Quickbiz'),(188,'Rainbow Records'),(189,'Raleigh\'s'),(190,'Ransohoffs'),(191,'Realty Depot'),(192,'Red Food'),(193,'Red Owl'),(194,'Reliable Garden Management'),(195,'Richman Brothers'),(196,'Rite Solution'),(197,'Rivera Property Maintenance'),(198,'Roadhouse Grill'),(199,'Robert Hall'),(200,'Royal Gas'),(201,'Ruehl No. 925'),(202,'Sagebrush'),(203,'Sam Goody'),(204,'Sambo\'s'),(205,'Schucks Auto Supply'),(206,'Schweggmanns'),(207,'Scott Ties'),(208,'Scotty\'s Builders Supply'),(209,'Seamans Furniture'),(210,'Sears Homelife'),(211,'Service Merchandise'),(212,'Sholl\'s Colonial Cafeteria'),(213,'Simply Appraisals'),(214,'Simply Save'),(215,'Skaggs-Alpha Beta'),(216,'Soft Warehouse'),(217,'Solution Answers'),(218,'Solution Bridge'),(219,'Sound Advice'),(220,'Sounds Great Inc'),(221,'Spaceage Stereo'),(222,'Sports Town USA'),(223,'Standard Food'),(224,'Star Assistance'),(225,'Star Interior Design'),(226,'Starship Tapes & Records'),(227,'Strategy Consulting'),(228,'Strong Life'),(229,'Sunny Real Estate Investments'),(230,'Sure Save'),(231,'System Star'),(232,'System Star Solutions'),(233,'Team Designers and Associates'),(234,'Team Uno'),(235,'Tech Hifi'),(236,'Tee Town'),(237,'Terra Nova Garden Services'),(238,'Thalhimers'),(239,'The Lawn Guru'),(240,'The Record Shops at TSS'),(241,'The Royal Canadian Pancake Houses'),(242,'The White Rabbit'),(243,'The White Swan'),(244,'Tons O\' Toys'),(245,'Total Sources'),(246,'Total Yard Maintenance'),(247,'Tower Records'),(248,'Tradewell'),(249,'Tweeter'),(250,'Twin Electronics'),(251,'Universal Design Partners'),(252,'Vari-Tec'),(253,'Vibrant Man'),(254,'Virgin Megastores'),(255,'Waccamaw Pottery'),(256,'Wag\'s'),(257,'Warner Brothers Studio Store'),(258,'Wealthy Ideas'),(259,'Western Auto'),(260,'Wetson\'s'),(261,'Wickes Furniture'),(262,'Williams Bros.'),(263,'Wilson\'s Jewelers'),(264,'World of Fun'),(265,'Yesterday\'s Records'),(266,'You Are Successful'),(267,'Zany Brainy');
/*!40000 ALTER TABLE `company` ENABLE KEYS */;
UNLOCK TABLES;

--
-- Table structure for table `customer`
--

DROP TABLE IF EXISTS `customer`;
/*!40101 SET @saved_cs_client     = @@character_set_client */;
/*!40101 SET character_set_client = utf8 */;
CREATE TABLE `customer` (
  `Title` text,
  `FirstName` text,
  `LastName` text,
  `StreetAddress` text,
  `EmailAddress` text,
  `Position` text,
  `CustomerId` int(11) NOT NULL AUTO_INCREMENT,
  `CompanyID` int(11) DEFAULT NULL,
  `CityID` int(11) DEFAULT NULL,
  `StateID` int(11) DEFAULT NULL,
  `ZipcodeID` int(11) DEFAULT NULL,
  PRIMARY KEY (`CustomerId`)
) ENGINE=InnoDB AUTO_INCREMENT=301 DEFAULT CHARSET=utf8;
/*!40101 SET character_set_client = @saved_cs_client */;

--
-- Dumping data for table `customer`
--

LOCK TABLES `customer` WRITE;
/*!40000 ALTER TABLE `customer` DISABLE KEYS */;
INSERT INTO `customer` VALUES ('Mr.','Eugene','Thrush','94 Grant Street','EugeneKThrush@superrito.com','Milling and planing machine operator',1,139,104,40,193),('Mr.','Leo','Register','923 Murry Street','LeoSRegister@jourrapide.com','Professional sports scout',2,64,212,42,49),('Ms.','Vanessa','Brown','3958 Paul Wayne Haggerty Road','VanessaWBrown@armyspy.com','Administrative office manager',3,108,109,18,173),('Ms.','Adele','Dean','3305 Quarry Drive','AdeleJDean@fleckens.hu','Cutting machine operator',4,84,57,2,97),('Ms.','Camille','Gill','416 Delaware Avenue','CamilleRGill@dayrep.com','Substance abuse social worker',5,193,182,5,249),('Ms.','Kristina','Simpson','4877 Goldcliff Circle','KristinaWSimpson@gustr.com','Vending machine technician',6,202,218,8,28),('Mrs.','Krystal','Seymour','2082 Lynn Ogden Lane','KrystalBSeymour@teleworm.us','Publications specialist',7,122,15,40,202),('Mrs.','Virginia','Faust','832 Lucy Lane','VirginiaRFaust@superrito.com','Employment recruiter',8,246,67,15,121),('Mr.','Robert','Dupree','4101 Pickens Way','RobertODupree@einrot.com','Mapping technician',9,106,122,40,192),('Mr.','Walter','Mueller','1372 Nixon Avenue','WalterXMueller@armyspy.com','Measurer',10,69,129,33,112),('Mr.','Don','Vela','4859 Isaacs Creek Road','DonRVela@jourrapide.com','Patternmaker',11,25,84,14,156),('Mrs.','Wanda','Collins','566 Hannah Street','WandaMCollins@dayrep.com','Purchasing technician',12,164,8,27,64),('Mr.','Willie','Matias','4009 Owagner Lane','WillieKMatias@einrot.com','Combined food preparation and serving worker',13,148,185,44,264),('Mr.','Peter','Mitchell','2762 Marcus Street','PeterLMitchell@gustr.com','Real estate appraiser',14,151,81,2,95),('Mr.','Dylan','Moffett','1173 Beechwood Avenue','DylanSMoffett@armyspy.com','Reservation agent',15,265,161,29,229),('Mr.','Jimmy','Bowen','3394 Cardinal Lane','JimmyPBowen@jourrapide.com','Ballet master',16,61,191,14,155),('Mrs.','Theresa','Suarez','4 Biddie Lane','TheresaRSuarez@einrot.com','Machine setter',17,129,4,42,43),('Mrs.','Melissa','Roy','4458 Joseph Street','MelissaDRoy@einrot.com','Patient educator',18,53,133,45,135),('Mrs.','Lisa','Bartolome','3121 Gnatty Creek Road','LisaEBartolome@teleworm.us','Home appliance repairer',19,240,95,32,9),('Ms.','Debbie','Boynton','3028 Musgrave Street','DebbieLBoynton@superrito.com','Telemarketer',20,160,9,11,72),('Ms.','Sally','Hunter','3413 Sheila Lane','SallyWHunter@armyspy.com','Social work policy maker',21,136,131,31,230),('Ms.','Janet','Petty','3676 Ash Street','JanetTPetty@jourrapide.com','Electrical power line repairer',22,50,142,40,189),('Mr.','Darryl','Porter','270 Locust View Drive','DarrylKPorter@fleckens.hu','Finisher',23,189,26,5,247),('Mrs.','Jody','Garrison','249 Pallet Street','JodyLGarrison@rhyta.com','Staffing and assignments coordinator',24,12,224,32,8),('Mrs.','Shannon','Holland','1044 Ingram Road','ShannonRHolland@einrot.com','Scheduling clerk',25,171,88,27,55),('Mr.','Eric','Zebrowski','2000 Crosswind Drive','EricCZebrowski@dayrep.com','Sauce cook',26,180,153,17,109),('Mrs.','Roy','Robertson','1329 Oak Lane','RoyTRobertson@gustr.com','Motion picture projectionist',27,45,179,24,167),('Mrs.','Aletha','Calloway','4512 Biddie Lane','AlethaRCalloway@rhyta.com','Assistant property manager',28,14,172,42,48),('Ms.','Esther','Propp','1600 Diamond Cove','EstherRPropp@jourrapide.com','Appellate court judge',29,37,169,37,65),('Ms.','Linda','Doris','2236 Confederate Drive','LindaHDoris@armyspy.com','Dog trainer',30,230,32,32,15),('Ms.','Melanie','Mingle','266 Maxwell Street','MelanieLMingle@einrot.com','Chemical equipment tender',31,118,91,7,151),('Ms.','Delores','Laguna','4463 Virgil Street','DeloresELaguna@armyspy.com','Land surveyor',32,145,154,10,79),('Mr.','William','White','1566 Armory Road','WilliamFWhite@einrot.com','Training specialist',33,256,125,27,60),('Mrs.','Tonda','Espinoza','1431 Kessla Way','TondaFEspinoza@jourrapide.com','Electronic equipment installer',34,116,215,38,67),('Mr.','Nathaniel','Villegas','2279 Ben Street','NathanielTVillegas@rhyta.com','Executive administrative assistant',35,106,60,22,125),('Mr.','James','Brice','4883 Woodland Drive','JamesKBrice@dayrep.com','Checker',36,100,28,14,147),('Mr.','Henry','Enright','1452 Layman Court','HenryAEnright@fleckens.hu','Time clerk',37,200,116,11,70),('Mr.','Thomas','Shutts','2749 Glen Street','ThomasSShutts@superrito.com','Biological-physical anthropologist',38,201,153,17,109),('Mr.','Richard','Morales','2197 Whiteman Street','RichardJMorales@teleworm.us','Forensic accountant',39,107,12,29,215),('Mr.','Gary','Thompson','2918 Heavens Way','GarySThompson@armyspy.com','Payroll secretary',40,238,102,5,243),('Mr.','Rex','Koerner','2596 Cherry Ridge Drive','RexTKoerner@rhyta.com','Model',41,251,27,32,17),('Ms.','Denise','Washington','1562 Alpha Avenue','DeniseGWashington@gustr.com','Sports book runner',42,214,128,40,194),('Mrs.','Hattie','Williams','2403 Hanover Street','HattieRWilliams@superrito.com','Electronics repairer',43,166,145,32,1),('Ms.','Judy','Owens','802 Goldcliff Circle','JudyEOwens@superrito.com','Milling and planing machine tender',44,29,218,8,31),('Mrs.','Helene','Holst','4606 Sun Valley Road','HeleneMHolst@fleckens.hu','Sewer',45,150,220,44,269),('Ms.','Jacqueline','Spivey','2373 Flinderation Road','JacquelineBSpivey@rhyta.com','Driver-sales worker',46,91,7,14,144),('Ms.','Kathleen','Brewer','2471 Oakwood Circle','KathleenHBrewer@jourrapide.com','Computer and information systems manager',47,59,115,5,242),('Dr.','Joan','Smith','592 Pinewood Drive','JoanRSmith@cuvox.de','Manpower development manager',48,115,221,14,146),('Mrs.','Marilyn','Davis','4800 Scheuvront Drive','MarilynMDavis@armyspy.com','Printmaker',49,229,55,6,210),('Mrs.','Sara','Lynam','4836 Perine Street','SaraGLynam@gustr.com','Taper',50,13,3,42,41),('Ms.','Charlotte','Roman','2342 Clifford Street','CharlotteMRoman@superrito.com','Computer scientist',51,130,183,5,256),('Mrs.','Lynn','Adams','4747 Spring Avenue','LynnVAdams@dayrep.com','Gaming manager',52,62,159,36,26),('Mr.','Robert','Scott','3321 Heritage Road','RobertIScott@rhyta.com','Stonemason',53,262,79,5,246),('Mr.','Ambrose','Defrancisco','282 Jacobs Street','AmbroseCDefrancisco@dayrep.com','Market research manager',54,211,162,36,19),('Mr.','Martin','Hou','1100 Owen Lane','MartinLHou@teleworm.us','Soil conservationist',55,89,87,22,128),('Mr.','Benjamin','Carter','2410 Emerson Road','BenjaminMCarter@dayrep.com','Golf course architect',56,47,140,18,178),('Mrs.','Jessica','Davis','709 Simpson Street','JessicaDDavis@rhyta.com','Excavating and loading machine and dragline operator',57,107,61,14,152),('Ms.','Patricia','Davis','1858 Hickory Lane','PatriciaJDavis@fleckens.hu','Fabric and apparel patternmaker',58,36,218,8,28),('Mrs.','Katherine','White','500 Colony Street','KatherineEWhite@einrot.com','Electronic equipment repairer',59,51,207,7,169),('Mr.','Charles','Phair','300 Ashcraft Court','CharlesRPhair@jourrapide.com','Armored car guard',60,245,181,5,240),('Mr.','Michael','Bernier','2289 Northwest Boulevard','MichaelRBernier@gustr.com','Security and fire alarm systems installer',61,218,108,29,175),('Mr.','Rick','Wetherbee','29 Millbrook Road','RickEWetherbee@superrito.com','Range scientist',62,113,223,14,145),('Mrs.','Cindy','Reyes','331 Clearview Drive','CindyJReyes@rhyta.com','Airline copilots',63,141,55,6,211),('Ms.','Karen','Haas','3808 Meadowcrest Lane','KarenGHaas@gustr.com','Timber cutting and logging worker',64,70,89,17,108),('Mr.','James','Chapa','4728 Watson Street','JamesSChapa@armyspy.com','Multiple machine tool setter',65,21,211,29,217),('Ms.','Emma','Allen','863 Werninger Street','EmmaWAllen@rhyta.com','Photographic equipment repairer',66,133,97,40,201),('Mrs.','Wanda','Lovejoy','4002 Willis Avenue','WandaMLovejoy@cuvox.de','Dermatologist',67,125,225,10,77),('Ms.','Susan','Bradbury','3944 Nelm Street','SusanSBradbury@fleckens.hu','Placement officer',68,228,218,42,29),('Ms.','Kathryn','Brown','2411 Don Jackson Lane','KathrynJBrown@teleworm.us','Climatologist',69,231,193,22,122),('Mrs.','Alberta','Courtney','2364 Mcwhorter Road','AlbertaNCourtney@dayrep.com','Nuclear technician',70,1,104,25,106),('Dr.','Larry','Fowler','2206 Fieldcrest Road','LarryAFowler@gustr.com','Labor economist',71,77,23,32,11),('Ms.','Alejandrina','Julian','924 Finwood Road','AlejandrinaMJulian@dayrep.com','Gaming dealer',72,254,134,29,228),('Mr.','Roger','Ellington','765 Union Street','RogerREllington@rhyta.com','Brattice builder',73,94,185,44,267),('Mrs.','Anne','Whittle','3179 Felosa Drive','AnneRWhittle@cuvox.de','Perianesthesia nurse',74,2,19,40,206),('Mrs.','Thelma','Cork','2740 Wildrose Lane','ThelmaSCork@armyspy.com','Military occupation',75,42,56,22,123),('Mr.','Charles','Russell','3459 Byrd Lane','CharlesKRussell@armyspy.com','Prepress worker',76,259,175,30,227),('Mr.','Timothy','O\'Brian','1872 Coulter Lane','TimothyCOBrian@teleworm.us','Ticket agent',77,131,172,42,46),('Mr.','Greg','Andrews','2946 Sycamore Fork Road','GregJAndrews@armyspy.com','Cabinetmaker',78,174,163,10,86),('Ms.','Sue','Benjamin','157 Tree Top Lane','SueWBenjamin@fleckens.hu','Automated teller machine technician',79,95,112,36,27),('Ms.','Marla','Moser','4995 Columbia Boulevard','MarlaDMoser@jourrapide.com','Botanist',80,188,13,20,35),('Mr.','Richard','Pleasant','2899 Ash Avenue','RichardBPleasant@superrito.com','Unlicensed assistive personnel',81,170,178,24,162),('Ms.','Annabelle','Clark','2751 Don Jackson Lane','AnnabelleWClark@einrot.com','Desktop publishing editor',82,255,96,12,258),('Mrs.','Lorine','Sterling','2048 Oxford Court','LorineNSterling@rhyta.com','Construction engineer',83,110,90,25,105),('Mr.','Scott','Matranga','2377 Bolman Court','ScottLMatranga@dayrep.com','Palliative care nurse',84,208,94,14,157),('Ms.','Betty','Ellison','216 Wetzel Lane','BettyAEllison@rhyta.com','Training administrator',85,112,111,22,129),('Mr.','Shayne','Fair','2354 Doctors Drive','ShayneCFair@jourrapide.com','Captive agent',86,238,123,5,231),('Mr.','Gary','Farnsworth','2326 Round Table Drive','GaryDFarnsworth@teleworm.us','CART provider',87,189,40,33,117),('Mrs.','Judith','Guerra','224 Ashwood Drive','JudithBGuerra@teleworm.us','Automotive body repairer',88,142,189,13,132),('Mrs.','Millicent','Martin','4697 Farland Street','MillicentWMartin@superrito.com','Chief executive',89,183,30,19,37),('Mrs.','Michael','Campbell','3248 Ralph Drive','MichaelRCampbell@dayrep.com','Embossing machine operator',90,267,216,33,115),('Mr.','Edward','Martin','4474 West Side Avenue','EdwardGMartin@dayrep.com','Line repairer',91,167,173,29,198),('Mr.','James','Andrews','64 Worley Avenue','JamesGAndrews@dayrep.com','Sheriff',92,63,172,42,47),('Mrs.','Phyllis','Gonzalez','3179 Pointe Lane','PhyllisDGonzalez@dayrep.com','Cardiac and vascular nurse',93,88,74,10,84),('Dr.','David','Johnson','2154 Farm Meadow Drive','DavidDJohnson@fleckens.hu','Ultrasound technologist',94,93,190,39,100),('Mr.','Jason','Mankin','4726 Cecil Street','JasonMMankin@fleckens.hu','Outside order clerk',95,153,39,14,149),('Ms.','Janie','Barber','2525 Whitman Court','JanieRBarber@gustr.com','Oral and maxillofacial surgeon',96,100,213,7,166),('Ms.','Joanna','Grossman','3652 West Fork Street','JoannaMGrossman@gustr.com','Sous chef',97,52,93,26,143),('Ms.','Samantha','Colvin','258 Brookside Drive','SamanthaFColvin@rhyta.com','Drug Enforcement Administration (DEA) agent',98,214,18,2,92),('Mr.','Timothy','Fleenor','1229 Hillcrest Drive','TimothyHFleenor@teleworm.us','Bindery machine operator',99,172,203,44,268),('Mr.','Jeffrey','Reyes','1232 West Fork Drive','JeffreyWReyes@rhyta.com','Employment and placement manager',100,66,53,10,88),('Mrs.','Margie','Carpenter','2078 Court Street','MargieECarpenter@teleworm.us','Paymaster',101,224,166,24,163),('Ms.','Melody','Downer','1754 Farm Meadow Drive','MelodyBDowner@rhyta.com','Diesel service technician',102,82,160,4,222),('Mr.','Alfred','Harper','2559 Meadow Drive','AlfredKHarper@dayrep.com','Botanist',103,123,150,34,185),('Ms.','Marie','Wallick','191 Grim Avenue','MarieRWallick@rhyta.com','Welding worker',104,23,181,5,240),('Mrs.','Irene','Petersen','3175 Weekley Street','IreneMPetersen@rhyta.com','Independent insurance agent',105,3,180,40,203),('Mr.','James','Carpenter','519 Better Street','JamesGCarpenter@rhyta.com','Tumbling barrel painter',106,249,107,16,170),('Mr.','Wayne','Rutledge','1434 Feathers Hooves Drive','WayneDRutledge@einrot.com','Court municipal and license clerk',107,55,17,32,10),('Mrs.','Sarah','Nakayama','29 Harron Drive','SarahDNakayama@einrot.com','Information architect',108,48,13,20,35),('Ms.','Johnette','Meadows','2908 Martha Street','JohnetteJMeadows@armyspy.com','Commodities trader',109,158,160,4,222),('Ms.','Sharon','Turner','2374 Brownton Road','SharonETurner@rhyta.com','Petroleum geologist',110,165,104,25,106),('Ms.','Fern','Brand','3996 White Lane','FernJBrand@fleckens.hu','Composing machine operator',111,83,99,11,74),('Ms.','Carola','Bingham','2527 Charles Street','CarolaTBingham@cuvox.de','Cleaner',112,126,193,22,122),('Mr.','Jerome','Ford','1997 Farm Meadow Drive','JeromeNFord@gustr.com','Recruiter',113,24,72,4,223),('Mrs.','Ann','Aragon','4493 Tea Berry Lane','AnnRAragon@jourrapide.com','Shoe and leather worker',114,264,62,45,138),('Ms.','Lucy','Carlson','92 Franklee Lane','LucyMCarlson@cuvox.de','Fashion designer',115,31,76,36,24),('Mr.','Robert','Tracy','203 Bruce Street','RobertMTracy@superrito.com','Crushing grinding and polishing machine tender',116,44,178,24,161),('Mr.','Christopher','Gonzales','2665 Hurry Street','ChristopherJGonzales@cuvox.de','Driver-sales worker',117,68,77,42,42),('Ms.','Marie','Smith','1320 Indiana Avenue','MarieJSmith@gustr.com','Photographer',118,12,96,12,257),('Ms.','Anneliese','Crawford','4419 Lightning Point Drive','AnnelieseWCrawford@gustr.com','Dipper',119,155,132,39,104),('Mr.','Micheal','Withers','2751 Hickory Street','MichealJWithers@fleckens.hu','School psychologist',120,17,117,41,219),('Mr.','Jose','Washington','3619 Clearview Drive','JoseJWashington@teleworm.us','Camera repairer',121,203,34,6,208),('Dr.','Kelly','Shackelford','4332 Barrington Court','KellyTShackelford@cuvox.de','Crushing grinding and polishing machine operator',122,26,31,3,179),('Mr.','Daryl','Robinson','249 Cliffside Drive','DarylKRobinson@cuvox.de','Biological-physical anthropologist',123,5,202,32,16),('Ms.','Jean','Aldridge','2885 Brooke Street','JeanJAldridge@einrot.com','Job training specialist',124,38,97,40,200),('Mrs.','Helen','Newton','4096 Davis Avenue','HelenLNewton@fleckens.hu','Structural metal fitter',125,27,78,5,252),('Mr.','James','Trueblood','4434 Farnum Road','JamesCTrueblood@einrot.com','Instructional specialist',126,257,145,32,2),('Mrs.','Kathryn','Ngo','616 Pearcy Avenue','KathrynHNgo@einrot.com','Ophthalmologic sonographer',127,222,22,15,119),('Mrs.','Markita','Popp','1257 Coulter Lane','MarkitaDPopp@armyspy.com','Psychiatric nursing assistant',128,117,172,42,45),('Mr.','James','Brown','3507 Marigold Lane','JamesRBrown@jourrapide.com','Plating and coating machine tender',129,76,135,10,83),('Ms.','Linda','Usrey','1085 Ash Avenue','LindaDUsrey@dayrep.com','Undertaker',130,47,178,24,162),('Mrs.','Jennifer','Kersh','3353 Heavner Avenue','JenniferRKersh@armyspy.com','Auto damage appraiser',131,217,227,11,73),('Mr.','Donald','Boger','3902 Cedarstone Drive','DonaldSBoger@teleworm.us','Re-recording mixer',132,168,148,33,116),('Mr.','Armand','McCarty','4054 Yorkie Lane','ArmandSMcCarty@teleworm.us','Treatment plant and system operator',133,25,184,11,75),('Mr.','Nelson','Flores','997 Ingram Road','NelsonNFlores@einrot.com','Constructor',134,6,88,27,53),('Mr.','Matthew','Byrne','3678 Ashcraft Court','MatthewJByrne@jourrapide.com','Optometrist',135,41,181,5,241),('Mr.','Harry','Swingle','106 Stewart Street','HarryJSwingle@teleworm.us','Forming machine operator',136,184,101,15,118),('Mr.','Christopher','Blanton','213 Flanigan Oaks Drive','ChristopherKBlanton@teleworm.us','Ambulance attendant',137,98,16,20,30),('Mrs.','Kathyrn','Sanders','3577 Rinehart Road','KathyrnJSanders@rhyta.com','Rail yard engineer',138,119,199,10,85),('Mrs.','Amber','Johnson','2811 Broadway Avenue','AmberCJohnson@teleworm.us','Conservation scientist',139,124,106,39,101),('Mr.','Joseph','Stec','3705 Daylene Drive','JosephPStec@superrito.com','Marketing specialist',140,209,73,22,124),('Mr.','Brandon','Cuyler','4474 Edsel Road','BrandonACuyler@armyspy.com','Certified public accountant',141,132,201,5,237),('Ms.','Virginia','Wharton','2539 Williams Mine Road','VirginiaGWharton@jourrapide.com','Speech writer',142,72,186,29,176),('Mr.','Adam','Flynn','3535 Bernardo Street','AdamSFlynn@armyspy.com','Physical metallurgical engineer',143,250,143,15,120),('Mr.','Bruce','Anderson','2675 Charles Street','BruceBAnderson@superrito.com','Payroll representative',144,138,193,22,122),('Mr.','Charles','Conley','2867 Tori Lane','CharlesVConley@armyspy.com','Simultaneous interpreter',145,178,85,41,220),('Mr.','Arthur','Marsh','4179 Freedom Lane','ArthurAMarsh@einrot.com','Chemical engineering technician',146,86,196,5,254),('Mr.','Thomas','Whitmore','4086 Fleming Street','ThomasAWhitmore@armyspy.com','Buyer',147,73,138,2,96),('Mr.','Donald','James','2758 White Oak Drive','DonaldLJames@rhyta.com','Manufacturers',148,157,100,24,164),('Mr.','Juan','Brooks','2498 Harvest Lane','JuanMBrooks@fleckens.hu','Able seaman',149,225,86,24,165),('Mr.','Jeramy','Blake','3054 Ashwood Drive','JeramyMBlake@dayrep.com','Information and record clerk',150,242,141,13,133),('Mr.','Richard','Garcia','3501 Berkshire Circle','RichardJGarcia@dayrep.com','Brickmason',151,40,113,39,102),('Ms.','Nancy','Wilson','2156 Maxwell Street','NancyRWilson@rhyta.com','Health services manager',152,77,91,7,151),('Mr.','Zachary','Yoshida','516 Libby Street','ZacharyZYoshida@dayrep.com','Cutting punching and press machine tender',153,190,123,5,231),('Mrs.','Crystal','Newbury','2003 High Meadow Lane','CrystalBNewbury@jourrapide.com','Merchandise window trimmer',154,10,21,36,23),('Mrs.','Leah','Downs','4228 Powder House Road','LeahCDowns@dayrep.com','Admissions officer',155,205,222,10,87),('Mr.','Vincent','Rich','3144 Byrd Lane','VincentTRich@rhyta.com','A & P mechanic',156,71,204,30,224),('Mr.','Heriberto','Chavarria','3574 Harrison Street','HeribertoMChavarria@armyspy.com','Health educator',157,260,149,5,253),('Mr.','Douglas','Oneil','1028 Green Hill Road','DouglasMOneil@armyspy.com','Grocery bagger',158,76,70,3,181),('Mr.','Christopher','White','1549 Bloomfield Way','ChristopherCWhite@armyspy.com','Timekeeper',159,248,103,21,127),('Mrs.','Marion','Rodriquez','2184 Poplar Avenue','MarionCRodriquez@rhyta.com','Cytotechnologist',160,127,29,5,33),('Ms.','Ella','Peters','118 Oak Lane','EllaRPeters@fleckens.hu','Dentist',161,182,168,24,167),('Mr.','Roy','Hixon','719 Lonely Oak Drive','RoyCHixon@jourrapide.com','Claims adjuster',162,146,137,2,98),('Mr.','Michael','Watkins','1415 Olen Thomas Drive','MichaelEWatkins@superrito.com','Electrologist',163,33,188,40,197),('Ms.','Elia','Mickle','3124 Levy Court','EliaGMickle@jourrapide.com','Home care aide',164,266,228,19,21),('Mr.','Tony','Linquist','4779 Birch  Street','TonyRLinquist@gustr.com','Paleomagnetist',165,179,64,40,207),('Ms.','Rosemary','Timmons','4385 Ray Court','RosemaryMTimmons@dayrep.com','Water conservationist',166,191,200,27,62),('Mr.','Morris','Gorman','2580 Haul Road','MorrisCGorman@superrito.com','Web programmer',167,43,139,5,248),('Mr.','John','Nguyen','2462 Midway Road','JohnRNguyen@armyspy.com','Costume designer',168,135,171,3,183),('Mr.','Casey','McCardle','3000 Hershell Hollow Road','CaseyLMcCardle@einrot.com','General superintendent',169,212,110,44,262),('Mr.','Michael','Anderson','4261 Sycamore Circle','MichaelHAnderson@dayrep.com','Geotechnical engineer',170,175,44,40,195),('Mr.','Jeremy','Lam','4204 Hardesty Street','JeremyDLam@jourrapide.com','Material moving occupation',171,188,59,32,13),('Mrs.','Emily','Youngblood','761 Tavern Place','EmilyTYoungblood@gustr.com','General superintendent',172,247,127,46,51),('Mr.','Vernon','Duggan','1778 Perine Street','VernonMDuggan@armyspy.com','Sawing machine tender',173,232,3,42,40),('Mr.','Nicholas','Sexton','2503 Waldeck Street','NicholasMSexton@rhyta.com','Training manager',174,121,80,40,188),('Dr.','Larry','Audet','1296 Brannon Street','LarryCAudet@superrito.com','Public relations specialist',175,103,123,5,231),('Ms.','Margaret','Dimartino','3074 Eagle Lane','MargaretADimartino@dayrep.com','Dairy farmer',176,213,71,23,141),('Ms.','Virginia','Funches','2770 Poe Lane','VirginiaEFunches@fleckens.hu','Tool sharpener',177,239,164,16,168),('Mr.','Vincent','Sites','1701 Lee Avenue','VincentMSites@armyspy.com','Music instructor',178,18,31,29,213),('Mr.','Scott','King','2159 Fraggle Drive','ScottLKing@fleckens.hu','Coil finisher',179,109,7,14,144),('Mr.','Randy','Avery','2255 Bicetown Road','RandyJAvery@superrito.com','EMT',180,144,145,32,4),('Mr.','Adam','Hulsey','4393 Bird Street','AdamTHulsey@cuvox.de','Housing manager',181,187,157,30,225),('Mr.','Samuel','McBean','1773 Gambler Lane','SamuelJMcBean@jourrapide.com','Abdominal sonographer',182,152,97,40,201),('Ms.','Agnes','Edmiston','2342 Blackwell Street','AgnesCEdmiston@fleckens.hu','Hospice nurse',183,233,68,1,270),('Ms.','Jasmine','Tapscott','57 Trouser Leg Road','JasmineDTapscott@jourrapide.com','Metal caster',184,195,20,19,7),('Mrs.','Rosemary','Epps','365 Boring Lane','RosemaryDEpps@fleckens.hu','Public relations manager',185,114,182,5,250),('Mr.','James','Howard','2122 Locust Court','JamesRHoward@rhyta.com','Surveyor',186,194,63,5,238),('Mr.','Barry','Silverman','588 Fleming Way','BarryJSilverman@einrot.com','Playwright',187,194,38,42,50),('Mr.','Mario','Anton','276 Ottis Street','MarioSAnton@gustr.com','Benefits manager',188,8,194,34,186),('Mr.','James','Dorsey','1808 Hillcrest Avenue','JamesLDorsey@cuvox.de','Office helper',189,120,214,19,38),('Mrs.','Muriel','Deweese','1106 Arbutus Drive','MurielRDeweese@rhyta.com','Human resources information system specialist',190,147,135,10,82),('Mrs.','Lisa','Testa','2298 Valley Street','LisaGTesta@superrito.com','Service station attendant',191,206,45,29,214),('Mr.','Brandon','Grady','4177 Hillview Street','BrandonFGrady@teleworm.us','Zoologist',192,39,198,38,66),('Ms.','Helen','Bickerstaff','1329 Kelly Street','HelenJBickerstaff@jourrapide.com','Mineralogist',193,4,50,27,59),('Mrs.','Sarah','Barber','3357 New Street','SarahRBarber@armyspy.com','Vocational nurse',194,34,167,35,260),('Mrs.','Patricia','Reichel','4301 Froe Street','PatriciaRReichel@superrito.com','Aircraft engineer',195,96,206,46,52),('Mrs.','Vanessa','Winters','2271 Duff Avenue','VanessaJWinters@gustr.com','Mechanic',196,156,192,43,137),('Mr.','Derek','Rice','1936 Hickory Street','DerekKRice@jourrapide.com','Heavy vehicle and mobile equipment service technician',197,19,43,41,218),('Mr.','John','Brent','2257 Zappia Drive','JohnMBrent@superrito.com','Nuclear engineer',198,205,40,17,117),('Ms.','Mary','Butts','3091 Hill Haven Drive','MaryRButts@armyspy.com','Image consultant',199,149,203,44,268),('Mr.','David','Chavez','2581 Lynch Street','DavidSChavez@jourrapide.com','Loan underwriter',200,87,136,45,136),('Mr.','Mike','Willis','4480 Illinois Avenue','MikeCWillis@rhyta.com','Curriculum specialist',201,56,37,35,259),('Mr.','Robert','Mitchell','2958 Apple Lane','RobertGMitchell@superrito.com','Job developer',202,250,158,14,153),('Mr.','Bryan','Davidson','885 Doe Meadow Drive','BryanMDavidson@gustr.com','Training consultant',203,196,151,20,32),('Mrs.','Lillian','Coleman','843 Carolina Avenue','LillianWColeman@teleworm.us','Pretrial services officer',204,102,226,6,212),('Ms.','Christina','Schmitt','4521 Southern Avenue','ChristinaSSchmitt@gustr.com','Forest fire inspector',205,11,66,24,159),('Mrs.','Jessica','Teer','4298 Progress Way','JessicaBTeer@dayrep.com','Religious activities and education director',206,16,177,23,140),('Mr.','Chad','Sawyer','1238 Cambridge Court','ChadLSawyer@dayrep.com','Restaurant chef',207,137,174,3,182),('Ms.','Leslie','Auclair','3284 Westwood Avenue','LeslieTAuclair@rhyta.com','Strength trainer',208,49,69,32,12),('Mr.','Kenneth','Carroll','3471 Harper Street','KennethLCarroll@armyspy.com','Geologist',209,65,10,17,110),('Ms.','Kari','Clark','767 Quiet Valley Lane','KariDClark@teleworm.us','Information systems manager',210,67,147,5,236),('Ms.','Celeste','Gridley','3257 Drainer Avenue','CelesteDGridley@cuvox.de','Gas and water service dispatcher',211,75,165,10,80),('Ms.','Marion','Fox','2065 West Side Avenue','MarionDFox@einrot.com','Payroll bookkeeper',212,99,173,29,198),('Ms.','Priscilla','Silcox','4216 Beech Street','PriscillaRSilcox@armyspy.com','Clerical assistant',213,7,47,5,251),('Ms.','Patricia','Guerrera','2163 Southern Avenue','PatriciaJGuerrera@gustr.com','Floor finisher',214,22,209,13,131),('Ms.','Carole','Mattis','1256 Mahlon Street','CaroleRMattis@armyspy.com','Medical secretary',215,32,146,29,177),('Mrs.','Cynthia','Martz','1940 Harron Drive','CynthiaJMartz@cuvox.de','Molding coremaking and casting machine tender',216,51,13,20,34),('Ms.','Ara','Triplett','3107 Pin Oak Drive','AraRTriplett@superrito.com','Vegetable cook',217,253,51,13,134),('Mrs.','Evelyn','Richard','3126 Woodstock Drive','EvelynWRichard@einrot.com','Cardiographic technician',218,20,6,5,235),('Mrs.','Shirley','Holloway','607 Broad Street','ShirleyAHolloway@rhyta.com','Scheduling clerk',219,221,49,2,93),('Dr.','Kim','Watts','677 Worthington Drive','KimCWatts@teleworm.us','Packager',220,252,50,40,191),('Ms.','Bertha','Paxton','275 John Avenue','BerthaHPaxton@fleckens.hu','Paste-up worker',221,85,104,22,126),('Mrs.','Myrtle','Carr','4183 Meadow View Drive','MyrtleJCarr@dayrep.com','Automated systems librarian',222,261,195,7,172),('Ms.','Ellen','Holmes','2745 Cambridge Court','EllenHHolmes@gustr.com','Surgical nurse',223,76,174,3,182),('Mrs.','Patricia','Meza','2842 Strother Street','PatriciaBMeza@cuvox.de','CPA',224,152,2,2,89),('Mr.','Dennis','Homan','2563 Happy Hollow Road','DennisCHoman@superrito.com','Pest control worker',225,104,105,27,61),('Mr.','Dwight','Cockerham','190 Carolina Avenue','DwightJCockerham@rhyta.com','Home appliance repairer',226,200,130,40,204),('Ms.','Elizabeth','Greene','3882 Liberty Avenue','ElizabethTGreene@rhyta.com','Media specialist',227,216,5,5,245),('Mr.','Arthur','Becnel','546 Stockert Hollow Road','ArthurRBecnel@jourrapide.com','Meatcutter',228,223,126,44,263),('Mr.','Andrew','Durante','85 Paul Wayne Haggerty Road','AndrewSDurante@gustr.com','Museum technician',229,173,144,18,174),('Mr.','James','Price','2367 Brooklyn Street','JamesLPrice@fleckens.hu','Court officer',230,118,65,35,261),('Mr.','William','Lemos','2031 Radio Park Drive','WilliamMLemos@teleworm.us','Winch operator',231,263,46,11,76),('Ms.','Teresa','Fuchs','2548 Hardman Road','TeresaAFuchs@cuvox.de','Synoptic meteorologist',232,192,176,43,142),('Mr.','Johnny','Rickard','253 Angie Drive','JohnnyKRickard@superrito.com','State police officer',233,35,123,5,231),('Mrs.','Ruth','McGrew','4204 Old Dear Lane','RuthMMcGrew@gustr.com','Interviewer',234,244,114,32,14),('Mrs.','Rose','Slater','4616 Small Street','RoseASlater@gustr.com','Human resources trainer',235,210,145,32,6),('Dr.','James','Scott','2444 Nancy Street','JamesJScott@cuvox.de','Environmental technician',236,177,170,27,57),('Mrs.','Marian','Thornton','601 Broad Street','MarianRThornton@armyspy.com','Tour escort',237,219,156,2,90),('Ms.','Rufina','Oxendine','1686 Franklin Avenue','RufinaJOxendine@superrito.com','Ophthalmologist',238,79,52,10,78),('Ms.','Hillary','Jordan','4391 John Calvin Drive','HillaryAJordan@dayrep.com','Author',239,30,39,14,149),('Ms.','Reina','Perez','158 Golf Course Drive','ReinaHPerez@fleckens.hu','Quality assurance inspector',240,158,36,42,39),('Ms.','Paula','Hill','2131 Oakway Lane','PaulaCHill@armyspy.com','Floor layer',241,80,5,5,244),('Mrs.','Elvira','Fennell','4886 Ross Street','ElviraJFennell@teleworm.us','Semiconductor assembler',242,44,33,14,158),('Mr.','Chris','Weiss','4252 Coffman Alley','ChrisMWeiss@superrito.com','Certified athletic trainer',243,203,210,17,111),('Mrs.','Brittany','Pratt','1285 Langtown Road','BrittanyJPratt@fleckens.hu','General manager',244,127,205,33,113),('Mr.','Joseph','Dowdy','869 Abner Road','JosephLDowdy@armyspy.com','Payroll administrator',245,199,217,45,139),('Mr.','Norman','Maldonado','1456 Pine Street','NormanSMaldonado@einrot.com','Furnace installer',246,204,25,36,18),('Mrs.','Patricia','Harper','3188 Hillside Drive','PatriciaSHarper@superrito.com','International human resources manager',247,243,228,19,22),('Mr.','Ray','Ackerman','730 Davis Street','RayCAckerman@gustr.com','Musical instrument tuner',248,235,46,11,76),('Ms.','Jean','Mix','1042 Eagle Street','JeanCMix@cuvox.de','Job placement officer',249,58,92,14,160),('Dr.','Ethel','Schulz','3673 North Avenue','EthelLSchulz@superrito.com','Delivery services truck driver',250,78,118,28,171),('Mr.','Douglas','Washington','217 Carolyns Circle','DouglasVWashington@cuvox.de','Desktop publishing editor',251,140,50,40,190),('Mrs.','Michele','Baron','2044 Clarence Court','MicheleMBaron@gustr.com','Trader',252,224,152,5,239),('Mr.','Preston','Long','2854 Pine Garden Lane','PrestonJLong@rhyta.com','General superintendent',253,169,197,11,68),('Mrs.','Stella','Cruz','1138 Terra Street','StellaRCruz@rhyta.com','Top executive',254,74,185,44,267),('Ms.','Kathy','Gandy','1444 Ritter Street','KathyRGandy@rhyta.com','Fine arts photographer',255,207,98,2,94),('Ms.','Shirley','Neumann','3617 Columbia Road','ShirleyRNeumann@dayrep.com','Sewer pipe cleaner',256,236,159,9,25),('Mrs.','Alica','Terry','619 Richards Avenue','AlicaWTerry@jourrapide.com','Internal auditor',257,237,155,5,255),('Ms.','Deborah','Layton','2993 Dola Mine Road','DeborahJLayton@dayrep.com','School librarian',258,198,170,27,56),('Mr.','Steven','Willis','4457 Austin Secret Lane','StevenLWillis@teleworm.us','Surgeon',259,5,41,41,221),('Dr.','Frances','Kepler','92 Keyser Ridge Road','FrancesLKepler@gustr.com','Commission clerk',260,185,88,27,54),('Mr.','Steven','Elkins','4244 Pringle Drive','StevenDElkins@einrot.com','Human resources generalist',261,160,39,14,150),('Mr.','Evan','Reed','4617 Ingram Road','EvanWReed@cuvox.de','Production machinist',262,128,83,27,63),('Mr.','David','Owens','3350 Hershell Hollow Road','DavidEOwens@einrot.com','Groundskeeper',263,226,185,44,265),('Mr.','Douglas','Burgess','851 Davis Place','DouglasABurgess@dayrep.com','Design printing machine operator',264,186,205,33,114),('Ms.','Andrea','Hibbard','2683 Seth Street','AndreaCHibbard@superrito.com','Payroll assistant',265,200,121,40,199),('Ms.','Donna','Mendoza','2484 Honeysuckle Lane','DonnaLMendoza@dayrep.com','Physical geographer',266,97,185,44,264),('Ms.','Florence','Juarez','2453 Armbrester Drive','FlorenceCJuarez@teleworm.us','Commission clerk',267,57,82,5,234),('Mr.','Anthony','Boyd','4931 Garrett Street','AnthonyVBoyd@armyspy.com','Greenhouse worker',268,101,87,22,128),('Mrs.','Erlene','Dorman','3880 Willow Greene Drive','ErleneLDorman@rhyta.com','Mortgage banker',269,220,119,2,99),('Mrs.','Daisy','Paradis','2126 Zimmerman Lane','DaisyMParadis@einrot.com','Heat treating equipment operator',270,206,123,5,233),('Mr.','Martin','Mabry','2128 Murry Street','MartinCMabry@dayrep.com','Synoptic meteorologist',271,28,212,42,49),('Mr.','David','Weber','999 Red Maple Drive','DavidHWeber@einrot.com','Athletic trainer',272,181,42,5,232),('Mrs.','Georgette','Bednarz','1342 C Street','GeorgetteDBednarz@cuvox.de','Clinical laboratory technologist',273,241,24,19,33),('Dr.','David','Moors','1873 Kelly Street','DavidBMoors@gustr.com','Broker associate',274,108,50,27,59),('Mrs.','Robin','Tanner','115 Cedar Lane','RobinETanner@dayrep.com','Machine offbearer',275,165,58,19,36),('Mrs.','Ruby','Dickinson','4141 Adonais Way','RubyHDickinson@cuvox.de','Aircraft electrician',276,92,208,11,69),('Mrs.','Katie','Jury','4507 Woodside Circle','KatieCJury@dayrep.com','Support staff clerk',277,81,75,10,81),('Mr.','Ronald','Dix','3151 Geneva Street','RonaldEDix@rhyta.com','Horticultural specialty farmer',278,258,145,32,3),('Mrs.','Joan','Teague','1819 Ottis Street','JoanSTeague@fleckens.hu','Physical therapist',279,176,150,34,184),('Mrs.','Kathleen','Jackson','394 Hott Street','KathleenJJackson@jourrapide.com','Uniformed police officer',280,227,187,34,187),('Mr.','Christopher','Unknow','2420 Bubby Drive','ChristopherSUnknow@teleworm.us','Safety specialist',281,234,11,40,205),('Mr.','Chase','Joiner','513 Broadcast Drive','ChaseMJoiner@rhyta.com','Extruding and forming machine operator',282,163,218,42,29),('Ms.','Sarah','Goodrow','1298 Patton Lane','SarahAGoodrow@cuvox.de','Airframe mechanic',283,15,78,27,58),('Mrs.','Kimberly','Wiggins','2640 Hog Camp Road','KimberlyWWiggins@einrot.com','Assignment editor',284,54,120,14,148),('Ms.','Pamela','Brennan','2390 Spring Street','PamelaRBrennan@fleckens.hu','Airport terminal controller',285,162,35,14,154),('Ms.','Martha','McFadden','1417 Coulter Lane','MarthaDMcFadden@dayrep.com','Media outreach specialist',286,105,172,42,44),('Mr.','Richard','Vargas','4417 Bedford Street','RichardBVargas@fleckens.hu','CNC operator',287,9,18,2,91),('Mrs.','Reva','White','2769 Bird Street','RevaPWhite@gustr.com','Coatroom attendant',288,159,54,30,226),('Mr.','Michael','Gordon','1426 Elliot Avenue','MichaelRGordon@einrot.com','Case management aide',289,4,185,44,266),('Mrs.','Penelope','Cargile','1343 Cerullo Road','PenelopeTCargile@gustr.com','Chef',290,143,124,17,107),('Ms.','Rita','Fowlkes','78 Godfrey Road','RitaWFowlkes@jourrapide.com','Neuroscience nurse',291,197,145,32,5),('Mr.','Carl','Simmons','3712 Oliver Street','CarlNSimmons@dayrep.com','Ultrasound technologist',292,46,1,40,196),('Mr.','Andrew','Lemke','4532 Duff Avenue','AndrewHLemke@armyspy.com','Speech writer',293,60,192,43,137),('Mr.','Edwin','Cammarata','1799 Wiseman Street','EdwinJCammarata@rhyta.com','Door-to-door sales worker',294,154,113,39,103),('Ms.','Emily','Bridges','473 Mulberry Avenue','EmilyBBridges@cuvox.de','Television announcer',295,69,48,3,180),('Mr.','Bobby','Morgenstern','122 Clearview Drive','BobbyRMorgenstern@jourrapide.com','Benefits manager',296,111,55,6,209),('Mr.','Ralph','Doyle','1384 Spruce Drive','RalphMDoyle@gustr.com','Immigration and Naturalization Service (INS) agent',297,134,219,36,20),('Mr.','Robert','Burr','3353 Junior Avenue','RobertKBurr@jourrapide.com','Bulldozer operator',298,90,9,11,71),('Mr.','Nicky','Barrett','4978 Park Boulevard','NickyBBarrett@gustr.com','Liquid waste treatment plant and system operator',299,215,14,13,130),('Mr.','Brendan','Rodriguez','743 Lang Avenue','BrendanERodriguez@einrot.com','Professional scout',300,161,139,41,216);
/*!40000 ALTER TABLE `customer` ENABLE KEYS */;
UNLOCK TABLES;

--
-- Table structure for table `state`
--

DROP TABLE IF EXISTS `state`;
/*!40101 SET @saved_cs_client     = @@character_set_client */;
/*!40101 SET character_set_client = utf8 */;
CREATE TABLE `state` (
  `stateID` int(11) NOT NULL AUTO_INCREMENT,
  `State` varchar(255) DEFAULT NULL,
  PRIMARY KEY (`stateID`)
) ENGINE=InnoDB AUTO_INCREMENT=64 DEFAULT CHARSET=utf8;
/*!40101 SET character_set_client = @saved_cs_client */;

--
-- Dumping data for table `state`
--

LOCK TABLES `state` WRITE;
/*!40000 ALTER TABLE `state` DISABLE KEYS */;
INSERT INTO `state` VALUES (1,'AK'),(2,'AL'),(3,'AR'),(4,'AZ'),(5,'CA'),(6,'CO'),(7,'CT'),(8,'DC'),(9,'DE'),(10,'FL'),(11,'GA'),(12,'HI'),(13,'IA'),(14,'IL'),(15,'IN'),(16,'KS'),(17,'KY'),(18,'LA'),(19,'MA'),(20,'MD'),(21,'ME'),(22,'MI'),(23,'MN'),(24,'MO'),(25,'MS'),(26,'MT'),(27,'NC'),(28,'NE'),(29,'NJ'),(30,'NM'),(31,'NV'),(32,'NY'),(33,'OH'),(34,'OK'),(35,'OR'),(36,'PA'),(37,'RI'),(38,'SC'),(39,'TN'),(40,'TX'),(41,'UT'),(42,'VA'),(43,'VT'),(44,'WA'),(45,'WI'),(46,'WV');
/*!40000 ALTER TABLE `state` ENABLE KEYS */;
UNLOCK TABLES;

--
-- Table structure for table `zipcode`
--

DROP TABLE IF EXISTS `zipcode`;
/*!40101 SET @saved_cs_client     = @@character_set_client */;
/*!40101 SET character_set_client = utf8 */;
CREATE TABLE `zipcode` (
  `zipcodeID` int(11) NOT NULL AUTO_INCREMENT,
  `Zipcode` varchar(255) DEFAULT NULL,
  PRIMARY KEY (`zipcodeID`)
) ENGINE=InnoDB AUTO_INCREMENT=512 DEFAULT CHARSET=utf8;
/*!40101 SET character_set_client = @saved_cs_client */;

--
-- Dumping data for table `zipcode`
--

LOCK TABLES `zipcode` WRITE;
/*!40000 ALTER TABLE `zipcode` DISABLE KEYS */;
INSERT INTO `zipcode` VALUES (1,'10007'),(2,'10011'),(3,'10013'),(4,'10016'),(5,'10018'),(6,'10038'),(7,'1008'),(8,'10606'),(9,'11612'),(10,'11714'),(11,'11716'),(12,'11735'),(13,'12061'),(14,'12540'),(15,'13032'),(16,'13221'),(17,'14202'),(18,'15017'),(19,'15212'),(20,'15370'),(21,'1609'),(22,'1610'),(23,'17815'),(24,'19034'),(25,'19103'),(26,'19108'),(27,'19406'),(28,'20005'),(29,'20011'),(30,'20014'),(31,'20017'),(32,'20832'),(33,'2110'),(34,'21201'),(35,'21202'),(36,'2128'),(37,'2141'),(38,'2154'),(39,'22021'),(40,'22304'),(41,'22370'),(42,'22408'),(43,'23002'),(44,'23222'),(45,'23224'),(46,'23226'),(47,'23227'),(48,'23228'),(49,'23464'),(50,'23831'),(51,'25130'),(52,'26059'),(53,'27313'),(54,'27401'),(55,'27403'),(56,'27609'),(57,'27616'),(58,'27830'),(59,'28034'),(60,'28358'),(61,'28540'),(62,'28584'),(63,'28627'),(64,'28801'),(65,'2908'),(66,'29150'),(67,'29568'),(68,'30083'),(69,'30084'),(70,'30245'),(71,'30309'),(72,'30310'),(73,'30680'),(74,'31041'),(75,'31410'),(76,'31901'),(77,'32096'),(78,'32114'),(79,'32401'),(80,'32456'),(81,'32548'),(82,'33169'),(83,'33179'),(84,'33304'),(85,'33323'),(86,'33324'),(87,'33417'),(88,'33441'),(89,'35007'),(90,'35125'),(91,'35244'),(92,'35291'),(93,'35550'),(94,'35816'),(95,'35901'),(96,'36117'),(97,'36303'),(98,'36602'),(99,'36748'),(100,'37166'),(101,'37601'),(102,'37917'),(103,'37919'),(104,'38110'),(105,'38901'),(106,'39201'),(107,'40299'),(108,'41144'),(109,'42003'),(110,'42206'),(111,'42376'),(112,'43537'),(113,'43602'),(114,'43604'),(115,'44128'),(116,'44857'),(117,'45202'),(118,'46256'),(119,'46714'),(120,'47150'),(121,'47711'),(122,'48075'),(123,'48219'),(124,'48548'),(125,'48823'),(126,'49201'),(127,'4945'),(128,'49503'),(129,'49512'),(130,'50027'),(131,'50322'),(132,'51101'),(133,'51559'),(134,'52803'),(135,'53051'),(136,'53226'),(137,'5403'),(138,'54701'),(139,'54891'),(140,'56303'),(141,'56537'),(142,'5701'),(143,'59601'),(144,'60005'),(145,'60090'),(146,'60185'),(147,'60527'),(148,'60532'),(149,'60605'),(150,'60606'),(151,'6103'),(152,'61244'),(153,'61602'),(154,'61820'),(155,'62086'),(156,'62339'),(157,'62353'),(158,'62821'),(159,'63025'),(160,'63042'),(161,'63120'),(162,'63146'),(163,'63373'),(164,'64055'),(165,'64455'),(166,'6492'),(167,'65281'),(168,'66075'),(169,'6611'),(170,'66215'),(171,'68501'),(172,'6902'),(173,'70065'),(174,'70119'),(175,'7032'),(176,'7094'),(177,'7102'),(178,'71457'),(179,'71701'),(180,'72032'),(181,'72701'),(182,'72756'),(183,'72951'),(184,'73102'),(185,'73107'),(186,'74854'),(187,'74868'),(188,'75034'),(189,'75073'),(190,'75201'),(191,'75244'),(192,'75601'),(193,'75657'),(194,'75670'),(195,'76031'),(196,'76050'),(197,'76380'),(198,'7662'),(199,'76854'),(200,'77030'),(201,'77060'),(202,'77701'),(203,'78202'),(204,'78501'),(205,'78759'),(206,'79506'),(207,'79915'),(208,'80111'),(209,'80202'),(210,'80222'),(211,'80224'),(212,'80754'),(213,'8102'),(214,'8108'),(215,'8202'),(216,'82939'),(217,'8360'),(218,'84015'),(219,'84043'),(220,'84633'),(221,'84723'),(222,'85034'),(223,'86004'),(224,'87008'),(225,'87553'),(226,'88030'),(227,'88345'),(228,'8840'),(229,'8854'),(230,'89421'),(231,'90017'),(232,'90040'),(233,'90071'),(234,'90247'),(235,'91006'),(236,'91324'),(237,'91342'),(238,'91731'),(239,'91761'),(240,'92101'),(241,'92103'),(242,'92651'),(243,'92714'),(244,'92801'),(245,'92805'),(246,'93721'),(247,'94005'),(248,'94041'),(249,'94103'),(250,'94108'),(251,'94520'),(252,'94539'),(253,'94612'),(254,'95202'),(255,'95363'),(256,'95407'),(257,'96814'),(258,'96826'),(259,'97002'),(260,'97205'),(261,'97402'),(262,'98032'),(263,'98036'),(264,'98101'),(265,'98109'),(266,'98119'),(267,'98133'),(268,'98402'),(269,'98801'),(270,'99701');
/*!40000 ALTER TABLE `zipcode` ENABLE KEYS */;
UNLOCK TABLES;
/*!40103 SET TIME_ZONE=@OLD_TIME_ZONE */;

/*!40101 SET SQL_MODE=@OLD_SQL_MODE */;
/*!40014 SET FOREIGN_KEY_CHECKS=@OLD_FOREIGN_KEY_CHECKS */;
/*!40014 SET UNIQUE_CHECKS=@OLD_UNIQUE_CHECKS */;
/*!40101 SET CHARACTER_SET_CLIENT=@OLD_CHARACTER_SET_CLIENT */;
/*!40101 SET CHARACTER_SET_RESULTS=@OLD_CHARACTER_SET_RESULTS */;
/*!40101 SET COLLATION_CONNECTION=@OLD_COLLATION_CONNECTION */;
/*!40111 SET SQL_NOTES=@OLD_SQL_NOTES */;

-- Dump completed on 2019-05-22 11:45:11
